{
  "0.00012480189809078372": 0.5096,
  "0.00013047585826752277": 0.5098,
  "0.00016726474437916286": 0.5174,
  "0.00016738303111888712": 0.5098,
  "0.00017067158820811934": 0.5038,
  "0.00018923215022889696": 0.5144,
  "0.0002090910921904574": 0.5064,
  "0.00022388797127362024": 0.5196,
  "0.0002742931575451494": 0.5198,
  "0.0003205615705296464": 0.5232,
  "0.00042084695255320033": 0.5236,
  "0.0004854603706704721": 0.5188,
  "0.0008719861595415107": 0.5372,
  "0.0010492996726001174": 0.5284,
  "0.001330479646098053": 0.526,
  "0.0013583430340469431": 0.5262,
  "0.002935177929286299": 0.5342,
  "0.005603588767680858": 0.532,
  "0.006385231069069711": 0.531,
  "0.0068641416992370665": 0.5296
}