{
  "2.3043074800702568e-05": 0.5088,
  "3.452669223779191e-05": 0.5182,
  "5.215966438420969e-05": 0.5044,
  "9.378552087738285e-05": 0.5174,
  "0.00010657514347376591": 0.5084,
  "0.00016117768806589203": 0.5088,
  "0.0002815925896732198": 0.5208,
  "0.00046749237722740314": 0.5216,
  "0.0025775582648323242": 0.5364,
  "0.0047107635614706475": 0.5306,
  "0.004866396521633264": 0.5262,
  "0.008880274806745615": 0.5152,
  "0.00934616018465683": 0.5266,
  "0.009360666002210789": 0.5214,
  "0.015006301031423152": 0.5066,
  "0.019627110419653464": 0.4976,
  "0.02215791039018956": 0.488,
  "0.04514063257807968": 0.4472,
  "0.05846138771097899": 0.4276,
  "0.06271455782367123": 0.4214
}